1,\core\event\user_loggedin,core,loggedin,r,2,0,2022-05-18 10:16:52
1182,\core\event\user_loggedin,core,loggedin,r,2,0,2022-05-18 10:25:29
1206,\core\event\user_loggedin,core,loggedin,r,2,0,2022-05-18 11:27:28
1209,\core\event\user_loggedin,core,loggedin,r,2,0,2022-05-22 14:24:06
1235,\core\event\user_loggedin,core,loggedin,r,3,0,2022-05-22 15:15:11
1265,\core\event\user_loggedin,core,loggedin,r,2,0,2022-05-22 22:13:13
1269,\core\event\user_loggedin,core,loggedin,r,2,0,2022-05-22 22:13:44
1274,\core\event\user_loggedin,core,loggedin,r,2,0,2022-05-27 10:58:24
1285,\core\event\user_loggedin,core,loggedin,r,2,0,2022-05-31 08:01:51
1291,\core\event\user_loggedin,core,loggedin,r,4,0,2022-05-31 08:20:41
1373,\core\event\user_loggedin,core,loggedin,r,4,0,2022-05-31 09:12:34
